id,str,dataType,name,isShow,rss
1,,V2EX,V2EX,1,
2,,ZhiHu,ZhiHu,1,
3,,WeiBo,WeiBo,1,
4,,TieBa,TieBa,1,
5,,DouBan,DouBan,1,
6,,TianYa,TianYa,1,
7,,HuPu,HuPu,1,
8,,GitHub,GitHub,1,
9,,BaiDu,BaiDu,1,
10,,36Kr,36Kr,1,
11,,QDaily,QDaily,1,
12,,GuoKr,GuoKr,1,
13,,HuXiu,HuXiu,1,
14,,ZHDaily,ZHDaily,1,
15,,Segmentfault,Segmentfault,1,
16,,WYNews,WYNews,1,
17,,WaterAndWood,WaterAndWood,1,
18,,HacPai,HacPai,1,
19,,KD,KD,1,
20,,NGA,NGA,1,
21,,WeiXin,WeiXin,1,
22,,Mop,Mop,1,
23,,Chiphell,Chiphell,1,
24,,JianDan,JianDan,1,
25,,ChouTi,ChouTi,1,
26,,ITHome,ITHome,1,